matlab_cat,matlab_name,python_cat,python_name,doc_cat,doc_name,match_method,has_script,has_doc,chebfun_url,doc_images_missing,script_lines,has_savefig,has_chebfun_style,has_run_func,image_count
applics,Bode2tf,applics,bode2tf,applics,bode2tf,doc_link,True,True,https://www.chebfun.org/examples/applics/Bode2tf.html,,112,True,True,True,1
applics,Gompertz,applics,gompertz,applics,gompertz,doc_link,True,True,https://www.chebfun.org/examples/applics/Gompertz.html,,140,True,True,True,1
applics,Step2tf,applics,step2tf,applics,step2tf,doc_link,True,True,https://www.chebfun.org/examples/applics/Step2tf.html,,126,True,True,True,1
approx,Inpainting1D,approx,Inpainting1D,approx,Inpainting1D,doc_link,True,True,https://www.chebfun.org/examples/approx/Inpainting1D.html,,84,True,True,True,1
approx,Entire,approx,Entire,approx,Entire,doc_link,True,True,https://www.chebfun.org/examples/approx/Entire.html,,75,True,True,True,3
approx,Pushnitski,approx,Pushnitski,approx,Pushnitski,doc_link,True,True,https://www.chebfun.org/examples/approx/Pushnitski.html,,76,True,True,True,1
approx,OrthPolys,approx,orthogonal_polynomials,approx,orthogonal_polynomials,doc_link,True,True,https://www.chebfun.org/examples/approx/OrthPolys.html,,103,True,True,True,1
approx,FermiDirac,approx,FermiDirac,approx,FermiDirac,doc_link,True,True,https://www.chebfun.org/examples/approx/FermiDirac.html,,79,True,True,True,1
approx,NearestOrthFun,approx,NearestOrthFun,approx,NearestOrthFun,doc_link,True,True,https://www.chebfun.org/examples/approx/NearestOrthFun.html,,100,True,True,True,1
approx,Checkmark,approx,Checkmark,approx,Checkmark,doc_link,True,True,https://www.chebfun.org/examples/approx/Checkmark.html,,80,True,True,True,1
approx,LebesgueConst,approx,LebesgueConst,approx,LebesgueConst,doc_link,True,True,https://www.chebfun.org/examples/approx/LebesgueConst.html,,109,True,True,True,1
approx,Entire,approx,polynomial_convergence,approx,polynomial_convergence,doc_link,True,True,https://www.chebfun.org/examples/approx/Entire.html,,94,True,True,True,2
approx,RationalInterp,approx,RationalInterp,approx,RationalInterp,doc_link,True,True,https://www.chebfun.org/examples/approx/RationalInterp.html,,94,True,True,True,1
approx,Splines,approx,Splines,approx,Splines,doc_link,True,True,https://www.chebfun.org/examples/approx/Splines.html,,81,True,True,True,1
approx,LebesgueConst,approx,lebesgue_constants,approx,lebesgue_constants,doc_link,True,True,https://www.chebfun.org/examples/approx/LebesgueConst.html,,146,True,True,True,1
approx,EightShades,approx,EightShades,approx,EightShades,doc_link,True,True,https://www.chebfun.org/examples/approx/EightShades.html,,105,True,True,True,1
approx,BSplineConv,approx,BSplineConv,approx,BSplineConv,doc_link,True,True,https://www.chebfun.org/examples/approx/BSplineConv.html,,63,True,True,True,1
approx,CF30,approx,CF30,approx,CF30,doc_link,True,True,https://www.chebfun.org/examples/approx/CF30.html,,69,True,True,True,1
approx,RationalAbsx,approx,RationalAbsx,approx,RationalAbsx,doc_link,True,True,https://www.chebfun.org/examples/approx/RationalAbsx.html,,86,True,True,True,1
approx,AliasingCoefficients,approx,AliasingCoefficients,approx,AliasingCoefficients,doc_link,True,True,https://www.chebfun.org/examples/approx/AliasingCoefficients.html,,63,True,True,True,2
approx,Galleries,approx,Galleries,approx,Galleries,doc_link,True,True,https://www.chebfun.org/examples/approx/Galleries.html,,88,True,True,True,1
approx,EntireBound,approx,EntireBound,approx,EntireBound,doc_link,True,True,https://www.chebfun.org/examples/approx/EntireBound.html,,83,True,True,True,2
approx,BestL2Approximation,approx,BestL2Approximation,approx,BestL2Approximation,doc_link,True,True,https://www.chebfun.org/examples/approx/BestL2Approximation.html,,92,True,True,True,1
approx,AAAApprox,approx,AAAApprox,approx,AAAApprox,doc_link,True,True,https://www.chebfun.org/examples/approx/AAAApprox.html,,76,True,True,True,2
approx,AbsoluteValue,approx,absolute_value_newton,approx,absolute_value_newton,doc_link,True,True,https://www.chebfun.org/examples/approx/AbsoluteValue.html,,84,True,True,True,1
approx,NoisyNonsmooth,approx,NoisyNonsmooth,approx,NoisyNonsmooth,doc_link,True,True,https://www.chebfun.org/examples/approx/NoisyNonsmooth.html,,83,True,True,True,1
approx,OscError,approx,OscError,approx,OscError,doc_link,True,True,https://www.chebfun.org/examples/approx/OscError.html,,90,True,True,True,1
approx,Rationalxn,approx,Rationalxn,approx,Rationalxn,doc_link,True,True,https://www.chebfun.org/examples/approx/Rationalxn.html,,82,True,True,True,1
approx,WeierstrassFunction,approx,WeierstrassFunction,approx,WeierstrassFunction,doc_link,True,True,https://www.chebfun.org/examples/approx/WeierstrassFunction.html,,70,True,True,True,1
approx,ScalingAndSquaring,approx,ScalingAndSquaring,approx,ScalingAndSquaring,doc_link,True,True,https://www.chebfun.org/examples/approx/ScalingAndSquaring.html,,113,True,True,True,1
approx,ResolutionWiggly,approx,ResolutionWiggly,approx,ResolutionWiggly,doc_link,True,True,https://www.chebfun.org/examples/approx/ResolutionWiggly.html,,71,True,True,True,1
approx,Entire,approx,polynomial_approximation,approx,polynomial_approximation,doc_link,True,True,https://www.chebfun.org/examples/approx/Entire.html,,114,True,True,True,2
approx,PthComposite,approx,PthComposite,approx,PthComposite,doc_link,True,True,https://www.chebfun.org/examples/approx/PthComposite.html,,87,True,True,True,1
approx,Local,approx,Local,approx,Local,doc_link,True,True,https://www.chebfun.org/examples/approx/Local.html,,74,True,True,True,1
approx,DivergentSeries,approx,DivergentSeries,approx,DivergentSeries,doc_link,True,True,https://www.chebfun.org/examples/approx/DivergentSeries.html,,91,True,True,True,1
approx,WigglyApprox,approx,WigglyApprox,approx,WigglyApprox,doc_link,True,True,https://www.chebfun.org/examples/approx/WigglyApprox.html,,70,True,True,True,1
approx,AliasingCoefficientsLeg,approx,AliasingCoefficientsLeg,approx,AliasingCoefficientsLeg,doc_link,True,True,https://www.chebfun.org/examples/approx/AliasingCoefficientsLeg.html,,87,True,True,True,1
approx,Noisy,approx,Noisy,approx,Noisy,doc_link,True,True,https://www.chebfun.org/examples/approx/Noisy.html,,86,True,True,True,2
approx,AAASpline,approx,AAASpline,approx,AAASpline,doc_link,True,True,https://www.chebfun.org/examples/approx/AAASpline.html,,82,True,True,True,1
approx,FiltersCF,approx,FiltersCF,approx,FiltersCF,doc_link,True,True,https://www.chebfun.org/examples/approx/FiltersCF.html,,80,True,True,True,1
approx,BestL1,approx,BestL1,approx,BestL1,doc_link,True,True,https://www.chebfun.org/examples/approx/BestL1.html,,87,True,True,True,1
approx,GammaFun,approx,GammaFun,approx,GammaFun,doc_link,True,True,https://www.chebfun.org/examples/approx/GammaFun.html,,87,True,True,True,1
approx,Prolate,approx,Prolate,approx,Prolate,doc_link,True,True,https://www.chebfun.org/examples/approx/Prolate.html,,98,True,True,True,1
approx,OddEven,approx,OddEven,approx,OddEven,doc_link,True,True,https://www.chebfun.org/examples/approx/OddEven.html,,94,True,True,True,1
approx,OrthPolys,approx,OrthPolys,approx,OrthPolys,doc_link,True,True,https://www.chebfun.org/examples/approx/OrthPolys.html,,97,True,True,True,2
approx,Halphen,approx,Halphen,approx,Halphen,doc_link,True,True,https://www.chebfun.org/examples/approx/Halphen.html,,83,True,True,True,1
approx,EdgeDetection,approx,EdgeDetection,approx,EdgeDetection,doc_link,True,True,https://www.chebfun.org/examples/approx/EdgeDetection.html,,76,True,True,True,1
approx,AbsoluteValue,approx,AbsoluteValue,approx,AbsoluteValue,doc_link,True,True,https://www.chebfun.org/examples/approx/AbsoluteValue.html,,82,True,True,True,3
approx,WeierstrassFunction,approx,weierstrass,approx,weierstrass,doc_link,True,True,https://www.chebfun.org/examples/approx/WeierstrassFunction.html,,75,True,True,True,1
approx,GammaFun,approx,gamma_function,approx,gamma_function,doc_link,True,True,https://www.chebfun.org/examples/approx/GammaFun.html,,86,True,True,True,1
approx,MinimaxSqrt,approx,MinimaxSqrt,approx,MinimaxSqrt,doc_link,True,True,https://www.chebfun.org/examples/approx/MinimaxSqrt.html,,91,True,True,True,1
approx,BestApprox,approx,BestApprox,approx,BestApprox,doc_link,True,True,https://www.chebfun.org/examples/approx/BestApprox.html,,72,True,True,True,1
approx,EquispacedData,approx,EquispacedData,approx,EquispacedData,doc_link,True,True,https://www.chebfun.org/examples/approx/EquispacedData.html,,81,True,True,True,1
approx,SmoothCompact,approx,SmoothCompact,approx,SmoothCompact,doc_link,True,True,https://www.chebfun.org/examples/approx/SmoothCompact.html,,70,True,True,True,1
approx,BernsteinPolys,approx,BernsteinPolys,approx,BernsteinPolys,doc_link,True,True,https://www.chebfun.org/examples/approx/BernsteinPolys.html,,94,True,True,True,2
approx,GreedyInterp,approx,GreedyInterp,approx,GreedyInterp,doc_link,True,True,https://www.chebfun.org/examples/approx/GreedyInterp.html,,109,True,True,True,1
approx3,ChangeVar3D,approx3,ChangeVar3D,approx3,ChangeVar3D,doc_link,True,True,https://www.chebfun.org/examples/approx3/ChangeVar3D.html,,210,True,True,True,1
approx3,FluxIntegral3D,approx3,FluxIntegral3D,approx3,FluxIntegral3D,doc_link,True,True,https://www.chebfun.org/examples/approx3/FluxIntegral3D.html,,211,True,True,True,1
approx3,Hello3,approx3,Hello3,approx3,Hello3,doc_link,True,True,https://www.chebfun.org/examples/approx3/Hello3.html,,183,True,True,True,1
approx3,GaussGreenStokes,approx3,GaussGreenStokes,approx3,GaussGreenStokes,doc_link,True,True,https://www.chebfun.org/examples/approx3/GaussGreenStokes.html,,244,True,True,True,1
approx3,Tolerance,approx3,Tolerance,approx3,Tolerance,doc_link,True,True,https://www.chebfun.org/examples/approx3/Tolerance.html,,161,True,True,True,1
approx3,Complexity,approx3,Complexity,approx3,Complexity,doc_link,True,True,https://www.chebfun.org/examples/approx3/Complexity.html,,126,True,True,True,1
approx3,FindingRankOne,approx3,FindingRankOne,approx3,FindingRankOne,doc_link,True,True,https://www.chebfun.org/examples/approx3/FindingRankOne.html,,188,True,True,True,1
approx3,Wagon,approx3,Wagon,approx3,Wagon,doc_link,True,True,https://www.chebfun.org/examples/approx3/Wagon.html,,178,True,True,True,1
approx3,SurfaceIntegral3D,approx3,SurfaceIntegral3D,approx3,SurfaceIntegral3D,doc_link,True,True,https://www.chebfun.org/examples/approx3/SurfaceIntegral3D.html,,247,True,True,True,1
approx3,LineIntegral3D,approx3,LineIntegral3D,approx3,LineIntegral3D,doc_link,True,True,https://www.chebfun.org/examples/approx3/LineIntegral3D.html,,218,True,True,True,1
approx3,Chebfun3Speedup,approx3,Chebfun3Speedup,approx3,Chebfun3Speedup,doc_link,True,True,https://www.chebfun.org/examples/approx3/Chebfun3Speedup.html,,137,True,True,True,1
calc,MeanValueTheorem,calc,mean_value_theorem,calc,mean_value_theorem,doc_link,True,True,https://www.chebfun.org/examples/calc/MeanValueTheorem.html,,115,True,True,True,1
calc,Integrals,calc,integrals,calc,integrals,doc_link,True,True,https://www.chebfun.org/examples/calc/Integrals.html,,98,True,True,True,1
calc,SnellsLaw,calc,snells_law,calc,snells_law,doc_link,True,True,https://www.chebfun.org/examples/calc/SnellsLaw.html,,93,True,True,True,1
cheb,DoublelengthFlag,cheb,doublelength_flag,cheb,doublelength_flag,doc_link,True,True,https://www.chebfun.org/examples/cheb/DoublelengthFlag.html,,162,True,True,True,1
cheb,ChebPolysHigham,cheb,chebyshev_polynomials,cheb,chebyshev_polynomials,doc_link,True,True,https://www.chebfun.org/examples/cheb/ChebPolysHigham.html,,101,True,True,True,1
cheb,Convergence,cheb,convergence,cheb,convergence,doc_link,True,True,https://www.chebfun.org/examples/cheb/Convergence.html,,145,True,True,True,1
cheb,Turbo,cheb,turbo,cheb,turbo,doc_link,True,True,https://www.chebfun.org/examples/cheb/Turbo.html,,214,True,True,True,1
cheb,ChebPolysHigham,cheb,cheb_polys_higham,cheb,cheb_polys_higham,doc_link,True,True,https://www.chebfun.org/examples/cheb/ChebPolysHigham.html,,127,True,True,True,1
cheb,ExactChebCoeffs,cheb,exact_cheb_coeffs,cheb,exact_cheb_coeffs,doc_link,True,True,https://www.chebfun.org/examples/cheb/ExactChebCoeffs.html,,150,True,True,True,1
complex,KeyholeContour,complex,keyhole_contour,complex,keyhole_contour,doc_link,True,True,https://www.chebfun.org/examples/complex/KeyholeContour.html,,303,True,True,True,1
complex,AnalyticContinuation,complex,analytic_continuation,complex,analytic_continuation,doc_link,True,True,https://www.chebfun.org/examples/complex/AnalyticContinuation.html,,144,True,True,True,1
complex,Arguments,complex,argument_principle,complex,argument_principle,doc_link,True,True,https://www.chebfun.org/examples/complex/Arguments.html,,125,True,True,True,1
complex,PhasePortraits,complex,phase_portraits,complex,phase_portraits,doc_link,True,True,https://www.chebfun.org/examples/complex/PhasePortraits.html,,138,True,True,True,1
complex,RoucheTheorem,complex,rouche_theorem,complex,rouche_theorem,doc_link,True,True,https://www.chebfun.org/examples/complex/RoucheTheorem.html,,159,True,True,True,1
complex,ClosedContours,complex,contour_integrals,complex,contour_integrals,doc_link,True,True,https://www.chebfun.org/examples/complex/ClosedContours.html,,158,True,True,True,1
complex,ZetaZeros,complex,zeta_zeros,complex,zeta_zeros,doc_link,True,True,https://www.chebfun.org/examples/complex/ZetaZeros.html,,163,True,True,True,1
complex,ConformalVis,complex,conformal_vis,complex,conformal_vis,doc_link,True,True,https://www.chebfun.org/examples/complex/ConformalVis.html,,155,True,True,True,1
complex,ClosedContours,complex,closed_contours,complex,closed_contours,doc_link,True,True,https://www.chebfun.org/examples/complex/ClosedContours.html,,203,True,True,True,1
complex,ComplexArcLength,complex,complex_arc_length,complex,complex_arc_length,doc_link,True,True,https://www.chebfun.org/examples/complex/ComplexArcLength.html,,163,True,True,True,1
fourier,FejerJackson,fourier,gibbs_phenomenon,fourier,gibbs_phenomenon,doc_link,True,True,https://www.chebfun.org/examples/fourier/FejerJackson.html,,160,True,True,True,1
fourier,FourierCoefficients,fourier,fourier_coefficients,fourier,fourier_coefficients,doc_link,True,True,https://www.chebfun.org/examples/fourier/FourierCoefficients.html,,136,True,True,True,1
fourier,FourierBasedChebfuns,fourier,fourier_series,fourier,fourier_series,doc_link,True,True,https://www.chebfun.org/examples/fourier/FourierBasedChebfuns.html,,105,True,True,True,1
fun,HelloWorld,fun,hello_world,fun,hello_world,doc_link,True,True,https://www.chebfun.org/examples/fun/HelloWorld.html,,124,True,True,True,1
fun,ValentinesDay2,fun,valentines_day2,fun,valentines_day2,doc_link,True,True,https://www.chebfun.org/examples/fun/ValentinesDay2.html,,111,True,True,True,1
fun,Writing3D,fun,writing_3d,fun,writing_3d,doc_link,True,True,https://www.chebfun.org/examples/fun/Writing3D.html,,149,True,True,True,1
fun,Birthday,fun,birthday,fun,birthday,doc_link,True,True,https://www.chebfun.org/examples/fun/Birthday.html,,164,True,True,True,1
fun,Encryption,fun,encryption,fun,encryption,doc_link,True,True,https://www.chebfun.org/examples/fun/Encryption.html,,133,True,True,True,1
geom,RoseCurves,geom,rose_curves,geom,rose_curves,doc_link,True,True,https://www.chebfun.org/examples/geom/RoseCurves.html,,86,True,True,True,1
geom,Area,geom,area_centroid,geom,area_centroid,doc_link,True,True,https://www.chebfun.org/examples/geom/Area.html,,103,True,True,True,1
geom,ConstantWidth,geom,constant_width,geom,constant_width,doc_link,True,True,https://www.chebfun.org/examples/geom/ConstantWidth.html,,123,True,True,True,1
geom,Procrustes,geom,procrustes,geom,procrustes,doc_link,True,True,https://www.chebfun.org/examples/geom/Procrustes.html,,112,True,True,True,1
geom,RoundingCorners,geom,rounding_corners,geom,rounding_corners,doc_link,True,True,https://www.chebfun.org/examples/geom/RoundingCorners.html,,95,True,True,True,1
geom,Lissajous,geom,lissajous,geom,lissajous,doc_link,True,True,https://www.chebfun.org/examples/geom/Lissajous.html,,96,True,True,True,1
geom,Ellipse,geom,ellipse,geom,ellipse,doc_link,True,True,https://www.chebfun.org/examples/geom/Ellipse.html,,104,True,True,True,2
geom,TwoCircles,geom,two_circles,geom,two_circles,doc_link,True,True,https://www.chebfun.org/examples/geom/TwoCircles.html,,120,True,True,True,1
geom,Curves,geom,curves_distance,geom,curves_distance,doc_link,True,True,https://www.chebfun.org/examples/geom/Curves.html,,100,True,True,True,1
geom,Ellipses,geom,ellipses_rolling,geom,ellipses_rolling,doc_link,True,True,https://www.chebfun.org/examples/geom/Ellipses.html,,146,True,True,True,1
integro,FracCalc,integro,fractional_calculus,integro,fractional_calculus,doc_link,True,True,https://www.chebfun.org/examples/integro/FracCalc.html,,134,True,True,True,2
integro,WikiIntegroDiff,integro,wiki_integro_diff,integro,wiki_integro_diff,doc_link,True,True,https://www.chebfun.org/examples/integro/WikiIntegroDiff.html,,117,True,True,True,1
linalg,CondVandermonde,linalg,condition_numbers,linalg,condition_numbers,doc_link,True,True,https://www.chebfun.org/examples/linalg/CondVandermonde.html,,105,True,True,True,1
linalg,ResolventNorm,linalg,resolvent_norm,linalg,resolvent_norm,doc_link,True,True,https://www.chebfun.org/examples/linalg/ResolventNorm.html,,126,True,True,True,1
ode-eig,FourierEigs,ode-eig,fourier_eigs,ode-eig,fourier_eigs,doc_link,True,True,https://www.chebfun.org/examples/ode-eig/FourierEigs.html,,122,True,True,True,1
ode-eig,ThermoelasticRod,ode-eig,thermoelastic_rod,ode-eig,thermoelastic_rod,doc_link,True,True,https://www.chebfun.org/examples/ode-eig/ThermoelasticRod.html,,216,True,True,True,1
ode-eig,Randfuneig,ode-eig,randfun_eig,ode-eig,randfun_eig,doc_link,True,True,https://www.chebfun.org/examples/ode-eig/Randfuneig.html,,160,True,True,True,1
ode-eig,Eigenstates,ode-eig,eigenstates,ode-eig,eigenstates,doc_link,True,True,https://www.chebfun.org/examples/ode-eig/Eigenstates.html,,113,True,True,True,1
ode-eig,SolarQDA,ode-eig,solar_qda,ode-eig,solar_qda,doc_link,True,True,https://www.chebfun.org/examples/ode-eig/SolarQDA.html,,169,True,True,True,1
ode-eig,Landscape,ode-eig,landscape,ode-eig,landscape,doc_link,True,True,https://www.chebfun.org/examples/ode-eig/Landscape.html,,140,True,True,True,1
ode-eig,ContinuousWilkinson,ode-eig,continuous_wilkinson,ode-eig,continuous_wilkinson,doc_link,True,True,https://www.chebfun.org/examples/ode-eig/ContinuousWilkinson.html,,94,True,True,True,1
ode-eig,OrrSommerfeld,ode-eig,orr_sommerfeld,ode-eig,orr_sommerfeld,doc_link,True,True,https://www.chebfun.org/examples/ode-eig/OrrSommerfeld.html,,204,True,True,True,1
ode-eig,WaveDecay,ode-eig,wave_decay,ode-eig,wave_decay,doc_link,True,True,https://www.chebfun.org/examples/ode-eig/WaveDecay.html,,139,True,True,True,1
ode-eig,ContourProjEig,ode-eig,contour_proj_eig,ode-eig,contour_proj_eig,doc_link,True,True,https://www.chebfun.org/examples/ode-eig/ContourProjEig.html,,89,True,True,True,1
ode-eig,OpticalResponse,ode-eig,optical_response,ode-eig,optical_response,doc_link,True,True,https://www.chebfun.org/examples/ode-eig/OpticalResponse.html,,136,True,True,True,1
ode-eig,NullSpace,ode-eig,null_space,ode-eig,null_space,doc_link,True,True,https://www.chebfun.org/examples/ode-eig/NullSpace.html,,135,True,True,True,1
ode-eig,DoubleWell,ode-eig,double_well,ode-eig,double_well,doc_link,True,True,https://www.chebfun.org/examples/ode-eig/DoubleWell.html,,89,True,True,True,1
ode-eig,RayleighQuotient,ode-eig,rayleigh_quotient,ode-eig,rayleigh_quotient,doc_link,True,True,https://www.chebfun.org/examples/ode-eig/RayleighQuotient.html,,161,True,True,True,1
ode-eig,Drum,ode-eig,drum,ode-eig,drum,doc_link,True,True,https://www.chebfun.org/examples/ode-eig/Drum.html,,97,True,True,True,1
ode-linear,Krylov,ode-linear,krylov,ode-linear,krylov,doc_link,True,True,https://www.chebfun.org/examples/ode-linear/Krylov.html,,108,True,True,True,1
ode-linear,OrderStars,ode-linear,order_stars,ode-linear,order_stars,doc_link,True,True,https://www.chebfun.org/examples/ode-linear/OrderStars.html,,107,True,True,True,1
ode-linear,ParameterODE,ode-linear,parameter_ode,ode-linear,parameter_ode,doc_link,True,True,https://www.chebfun.org/examples/ode-linear/ParameterODE.html,,99,True,True,True,1
ode-linear,Adjoints,ode-linear,adjoints,ode-linear,adjoints,doc_link,True,True,https://www.chebfun.org/examples/ode-linear/Adjoints.html,,102,True,True,True,1
ode-linear,JumpGreen,ode-linear,jump_green,ode-linear,jump_green,doc_link,True,True,https://www.chebfun.org/examples/ode-linear/JumpGreen.html,,145,True,True,True,1
ode-linear,Floquet,ode-linear,floquet,ode-linear,floquet,doc_link,True,True,https://www.chebfun.org/examples/ode-linear/Floquet.html,,131,True,True,True,1
ode-linear,NearNonuniqueness,ode-linear,near_nonuniqueness,ode-linear,near_nonuniqueness,doc_link,True,True,https://www.chebfun.org/examples/ode-linear/NearNonuniqueness.html,,85,True,True,True,1
ode-linear,PeriodicSystem,ode-linear,periodic_system,ode-linear,periodic_system,doc_link,True,True,https://www.chebfun.org/examples/ode-linear/PeriodicSystem.html,,132,True,True,True,1
ode-linear,Breakpoints,ode-linear,breakpoints,ode-linear,breakpoints,doc_link,True,True,https://www.chebfun.org/examples/ode-linear/Breakpoints.html,,121,True,True,True,1
ode-linear,WikiODE,ode-linear,wiki_odes,ode-linear,wiki_odes,doc_link,True,True,https://www.chebfun.org/examples/ode-linear/WikiODE.html,,96,True,True,True,1
ode-linear,ResonantVandal,ode-linear,resonant_vandal,ode-linear,resonant_vandal,doc_link,True,True,https://www.chebfun.org/examples/ode-linear/ResonantVandal.html,,123,True,True,True,1
ode-linear,FrozenCoeffs,ode-linear,frozen_coeffs,ode-linear,frozen_coeffs,doc_link,True,True,https://www.chebfun.org/examples/ode-linear/FrozenCoeffs.html,,120,True,True,True,1
ode-linear,FourierCollocation,ode-linear,fourier_collocation,ode-linear,fourier_collocation,doc_link,True,True,https://www.chebfun.org/examples/ode-linear/FourierCollocation.html,,135,True,True,True,1
ode-linear,MatchedAsymp,ode-linear,matched_asymp,ode-linear,matched_asymp,doc_link,True,True,https://www.chebfun.org/examples/ode-linear/MatchedAsymp.html,,88,True,True,True,1
ode-linear,ContourExpm,ode-linear,contour_expm,ode-linear,contour_expm,doc_link,True,True,https://www.chebfun.org/examples/ode-linear/ContourExpm.html,,107,True,True,True,1
ode-linear,DawsonIntegral,ode-linear,dawson_integral,ode-linear,dawson_integral,doc_link,True,True,https://www.chebfun.org/examples/ode-linear/DawsonIntegral.html,,120,True,True,True,1
ode-linear,LinExpIVP,ode-linear,lin_exp_ivp,ode-linear,lin_exp_ivp,doc_link,True,True,https://www.chebfun.org/examples/ode-linear/LinExpIVP.html,,83,True,True,True,1
ode-linear,BoundaryLayer,ode-linear,boundary_layer,ode-linear,boundary_layer,doc_link,True,True,https://www.chebfun.org/examples/ode-linear/BoundaryLayer.html,,90,True,True,True,1
ode-linear,NonstandardBCs,ode-linear,nonstandard_bcs,ode-linear,nonstandard_bcs,doc_link,True,True,https://www.chebfun.org/examples/ode-linear/NonstandardBCs.html,,107,True,True,True,1
ode-linear,LinearIVP,ode-linear,linear_ivp_cosine,ode-linear,linear_ivp_cosine,doc_link,True,True,https://www.chebfun.org/examples/ode-linear/LinearIVP.html,,84,True,True,True,1
ode-linear,AdvDiffJump,ode-linear,adv_diff_jump,ode-linear,adv_diff_jump,doc_link,True,True,https://www.chebfun.org/examples/ode-linear/AdvDiffJump.html,,94,True,True,True,1
ode-linear,Regions,ode-linear,regions,ode-linear,regions,doc_link,True,True,https://www.chebfun.org/examples/ode-linear/Regions.html,,134,True,True,True,1
ode-linear,DynamicalSystems,ode-linear,dynamical_systems,ode-linear,dynamical_systems,doc_link,True,True,https://www.chebfun.org/examples/ode-linear/DynamicalSystems.html,,94,True,True,True,1
ode-linear,SpectralDisc,ode-linear,spectral_disc,ode-linear,spectral_disc,doc_link,True,True,https://www.chebfun.org/examples/ode-linear/SpectralDisc.html,,120,True,True,True,1
ode-nonlin,ExactSolns,ode-nonlin,exact_solutions_bender_orszag,ode-nonlin,exact_solutions_bender_orszag,doc_link,True,True,https://www.chebfun.org/examples/ode-nonlin/ExactSolns.html,,97,True,True,True,1
ode-nonlin,Droplets,ode-nonlin,droplets,ode-nonlin,droplets,doc_link,True,True,https://www.chebfun.org/examples/ode-nonlin/Droplets.html,,152,True,True,True,1
ode-nonlin,SquareCycle,ode-nonlin,square_cycle,ode-nonlin,square_cycle,doc_link,True,True,https://www.chebfun.org/examples/ode-nonlin/SquareCycle.html,,116,True,True,True,1
ode-nonlin,GulfStream,ode-nonlin,gulf_stream,ode-nonlin,gulf_stream,doc_link,True,True,https://www.chebfun.org/examples/ode-nonlin/GulfStream.html,,127,True,True,True,1
ode-nonlin,Logistic,ode-nonlin,logistic_equation,ode-nonlin,logistic_equation,doc_link,True,True,https://www.chebfun.org/examples/ode-nonlin/Logistic.html,,92,True,True,True,1
ode-nonlin,Bloodhound,ode-nonlin,bloodhound,ode-nonlin,bloodhound,doc_link,True,True,https://www.chebfun.org/examples/ode-nonlin/Bloodhound.html,,111,True,True,True,1
ode-nonlin,AllenCahn,ode-nonlin,allen_cahn,ode-nonlin,allen_cahn,doc_link,True,True,https://www.chebfun.org/examples/ode-nonlin/AllenCahn.html,,81,True,True,True,1
ode-nonlin,Picard,ode-nonlin,picard,ode-nonlin,picard,doc_link,True,True,https://www.chebfun.org/examples/ode-nonlin/Picard.html,,105,True,True,True,1
ode-nonlin,ChebopQuiver,ode-nonlin,chebop_quiver,ode-nonlin,chebop_quiver,doc_link,True,True,https://www.chebfun.org/examples/ode-nonlin/ChebopQuiver.html,,109,True,True,True,1
ode-nonlin,LorenzAttractor,ode-nonlin,lorenz_attractor,ode-nonlin,lorenz_attractor,doc_link,True,True,https://www.chebfun.org/examples/ode-nonlin/LorenzAttractor.html,,96,True,True,True,1
ode-nonlin,DelayDifferentialEquations,ode-nonlin,delay_odes,ode-nonlin,delay_odes,doc_link,True,True,https://www.chebfun.org/examples/ode-nonlin/DelayDifferentialEquations.html,,122,True,True,True,1
ode-nonlin,Carrier,ode-nonlin,carrier_equation,ode-nonlin,carrier_equation,doc_link,True,True,https://www.chebfun.org/examples/ode-nonlin/Carrier.html,,81,True,True,True,1
ode-nonlin,ThreePlanets,ode-nonlin,three_planets,ode-nonlin,three_planets,doc_link,True,True,https://www.chebfun.org/examples/ode-nonlin/ThreePlanets.html,,121,True,True,True,1
ode-nonlin,Logistic,ode-nonlin,logistic,ode-nonlin,logistic,doc_link,True,True,https://www.chebfun.org/examples/ode-nonlin/Logistic.html,,118,True,True,True,3
ode-nonlin,FourierCollocationNonLin,ode-nonlin,fourier_nonlin,ode-nonlin,fourier_nonlin,doc_link,True,True,https://www.chebfun.org/examples/ode-nonlin/FourierCollocationNonLin.html,,131,True,True,True,1
ode-nonlin,TwoElectrons,ode-nonlin,two_electrons,ode-nonlin,two_electrons,doc_link,True,True,https://www.chebfun.org/examples/ode-nonlin/TwoElectrons.html,,123,True,True,True,1
ode-nonlin,ModellingDiseases,ode-nonlin,modelling_diseases,ode-nonlin,modelling_diseases,doc_link,True,True,https://www.chebfun.org/examples/ode-nonlin/ModellingDiseases.html,,118,True,True,True,1
ode-nonlin,GuckenheimerHolmes,ode-nonlin,guckenheimer_holmes,ode-nonlin,guckenheimer_holmes,doc_link,True,True,https://www.chebfun.org/examples/ode-nonlin/GuckenheimerHolmes.html,,106,True,True,True,1
ode-nonlin,Blasius,ode-nonlin,blasius,ode-nonlin,blasius,doc_link,True,True,https://www.chebfun.org/examples/ode-nonlin/Blasius.html,,115,True,True,True,1
ode-nonlin,BVPSystem,ode-nonlin,bvp_system,ode-nonlin,bvp_system,doc_link,True,True,https://www.chebfun.org/examples/ode-nonlin/BVPSystem.html,,98,True,True,True,1
ode-nonlin,IVPCapabilities,ode-nonlin,ivp_capabilities,ode-nonlin,ivp_capabilities,doc_link,True,True,https://www.chebfun.org/examples/ode-nonlin/IVPCapabilities.html,,122,True,True,True,1
ode-nonlin,Logistic2,ode-nonlin,logistic2,ode-nonlin,logistic2,doc_link,True,True,https://www.chebfun.org/examples/ode-nonlin/Logistic2.html,,114,True,True,True,1
ode-nonlin,LyapunovExponents,ode-nonlin,lyapunov_exponents,ode-nonlin,lyapunov_exponents,doc_link,True,True,https://www.chebfun.org/examples/ode-nonlin/LyapunovExponents.html,,115,True,True,True,1
ode-nonlin,BlowupFK,ode-nonlin,blowup_fk,ode-nonlin,blowup_fk,doc_link,True,True,https://www.chebfun.org/examples/ode-nonlin/BlowupFK.html,,102,True,True,True,1
ode-nonlin,Orbits,ode-nonlin,orbits,ode-nonlin,orbits,doc_link,True,True,https://www.chebfun.org/examples/ode-nonlin/Orbits.html,,111,True,True,True,1
ode-random,PhaseLocking,ode-random,phase_locking,ode-random,phase_locking,doc_link,True,True,https://www.chebfun.org/examples/ode-random/PhaseLocking.html,,118,True,True,True,1
ode-random,Tunnelling,ode-random,tunnelling,ode-random,tunnelling,doc_link,True,True,https://www.chebfun.org/examples/ode-random/Tunnelling.html,,153,True,True,True,1
ode-random,GBM,ode-random,gbm,ode-random,gbm,doc_link,True,True,https://www.chebfun.org/examples/ode-random/GBM.html,,126,True,True,True,1
ode-random,LevelHopping,ode-random,level_hopping,ode-random,level_hopping,doc_link,True,True,https://www.chebfun.org/examples/ode-random/LevelHopping.html,,100,True,True,True,1
ode-random,RandomOnASphere,ode-random,random_on_sphere,ode-random,random_on_sphere,doc_link,True,True,https://www.chebfun.org/examples/ode-random/RandomOnASphere.html,,125,True,True,True,1
ode-random,Pitchfork,ode-random,pitchfork,ode-random,pitchfork,doc_link,True,True,https://www.chebfun.org/examples/ode-random/Pitchfork.html,,134,True,True,True,1
ode-random,RandomSwitching,ode-random,random_switching,ode-random,random_switching,doc_link,True,True,https://www.chebfun.org/examples/ode-random/RandomSwitching.html,,151,True,True,True,1
ode-random,WhiteNoiseParadox,ode-random,white_noise_paradox,ode-random,white_noise_paradox,doc_link,True,True,https://www.chebfun.org/examples/ode-random/WhiteNoiseParadox.html,,111,True,True,True,1
ode-random,Random2SDE,ode-random,random2sde,ode-random,random2sde,doc_link,True,True,https://www.chebfun.org/examples/ode-random/Random2SDE.html,,98,True,True,True,1
ode-random,Consensus,ode-random,consensus,ode-random,consensus,doc_link,True,True,https://www.chebfun.org/examples/ode-random/Consensus.html,,119,True,True,True,1
opt,Catenary,opt,catenary,opt,catenary,doc_link,True,True,https://www.chebfun.org/examples/opt/Catenary.html,,86,True,True,True,1
opt,GlobalMinimum,opt,minimum_of_smooth_function,opt,minimum_of_smooth_function,doc_link,True,True,https://www.chebfun.org/examples/opt/GlobalMinimum.html,,96,True,True,True,2
opt,GlobalMinimum,opt,global_minimum_2d,opt,global_minimum_2d,doc_link,True,True,https://www.chebfun.org/examples/opt/GlobalMinimum.html,,107,True,True,True,1
opt,ConstrainedExtrema,opt,constrained_extrema,opt,constrained_extrema,doc_link,True,True,https://www.chebfun.org/examples/opt/ConstrainedExtrema.html,,99,True,True,True,1
opt,Rosenbrock,opt,rosenbrock,opt,rosenbrock,doc_link,True,True,https://www.chebfun.org/examples/opt/Rosenbrock.html,,110,True,True,True,1
quad,SymbolicNumeric,quad,symbolic_numeric,quad,symbolic_numeric,doc_link,True,True,https://www.chebfun.org/examples/quad/SymbolicNumeric.html,,138,True,True,True,1
quad,HermiteQuad,quad,hermite_quad,quad,hermite_quad,doc_link,True,True,https://www.chebfun.org/examples/quad/HermiteQuad.html,,139,True,True,True,1
quad,QuadratureConvergence,quad,convergence_rates,quad,convergence_rates,doc_link,True,True,https://www.chebfun.org/examples/quad/QuadratureConvergence.html,,85,True,True,True,1
quad,GaussClenCurt,quad,gauss_vs_clenshaw_curtis,quad,gauss_vs_clenshaw_curtis,doc_link,True,True,https://www.chebfun.org/examples/quad/GaussClenCurt.html,,108,True,True,True,1
quad,SpikeIntegral,quad,spike_integral,quad,spike_integral,doc_link,True,True,https://www.chebfun.org/examples/quad/SpikeIntegral.html,,120,True,True,True,1
roots,RootsNearAxis,roots,roots_near_axis,roots,roots_near_axis,doc_link,True,True,https://www.chebfun.org/examples/roots/RootsNearAxis.html,,98,True,True,True,1
roots,RootsSpeed,roots,roots_speed,roots,roots_speed,doc_link,True,True,https://www.chebfun.org/examples/roots/RootsSpeed.html,,116,True,True,True,1
roots,SecularRoots,roots,secular_roots,roots,secular_roots,doc_link,True,True,https://www.chebfun.org/examples/roots/SecularRoots.html,,103,True,True,True,1
roots,WhiteCurves,roots,white_curves,roots,white_curves,doc_link,True,True,https://www.chebfun.org/examples/roots/WhiteCurves.html,,109,True,True,True,1
roots,BesselRoots,roots,bessel_function_roots,roots,bessel_function_roots,doc_link,True,True,https://www.chebfun.org/examples/roots/BesselRoots.html,,89,True,True,True,1
roots,NewtonRaphson,roots,newton_raphson,roots,newton_raphson,doc_link,True,True,https://www.chebfun.org/examples/roots/NewtonRaphson.html,,89,True,True,True,1
roots,Tiger,roots,tiger,roots,tiger,doc_link,True,True,https://www.chebfun.org/examples/roots/Tiger.html,,102,True,True,True,1
roots,RandomPolynomials,roots,random_polynomials,roots,random_polynomials,doc_link,True,True,https://www.chebfun.org/examples/roots/RandomPolynomials.html,,124,True,True,True,1
roots,BesselRoots,roots,bessel_roots,roots,bessel_roots,doc_link,True,True,https://www.chebfun.org/examples/roots/BesselRoots.html,,88,True,True,True,1
sphere,HelmholtzDecompositionBall,sphere,helmholtz_decomposition_ball,sphere,helmholtz_decomposition_ball,doc_link,True,True,https://www.chebfun.org/examples/sphere/HelmholtzDecompositionBall.html,,131,True,True,True,1
sphere,AdvectionDiffusion,sphere,advection_diffusion,sphere,advection_diffusion,doc_link,True,True,https://www.chebfun.org/examples/sphere/AdvectionDiffusion.html,,111,True,True,True,1
sphere,PTDecomposition,sphere,pt_decomposition,sphere,pt_decomposition,doc_link,True,True,https://www.chebfun.org/examples/sphere/PTDecomposition.html,,119,True,True,True,1
sphere,AtmosphericTemperature,sphere,atmospheric_temperature,sphere,atmospheric_temperature,doc_link,True,True,https://www.chebfun.org/examples/sphere/AtmosphericTemperature.html,,135,True,True,True,1
sphere,HelmholtzDecomposition,sphere,helmholtz_decomposition,sphere,helmholtz_decomposition,doc_link,True,True,https://www.chebfun.org/examples/sphere/HelmholtzDecomposition.html,,129,True,True,True,2
sphere,SolidHarmonics,sphere,solid_harmonics,sphere,solid_harmonics,doc_link,True,True,https://www.chebfun.org/examples/sphere/SolidHarmonics.html,,129,True,True,True,1
sphere,SpherefunRotate,sphere,spherefun_rotate,sphere,spherefun_rotate,doc_link,True,True,https://www.chebfun.org/examples/sphere/SpherefunRotate.html,,118,True,True,True,1
sphere,SpherefunPartition,sphere,spherefun_partition,sphere,spherefun_partition,doc_link,True,True,https://www.chebfun.org/examples/sphere/SpherefunPartition.html,,105,True,True,True,1
sphere,Gravity,sphere,gravity,sphere,gravity,doc_link,True,True,https://www.chebfun.org/examples/sphere/Gravity.html,,166,True,True,True,1
sphere,LaplaceBall,sphere,laplace_ball,sphere,laplace_ball,doc_link,True,True,https://www.chebfun.org/examples/sphere/LaplaceBall.html,,150,True,True,True,1
sphere,SphereHeatConduction,sphere,sphere_heat_conduction,sphere,sphere_heat_conduction,doc_link,True,True,https://www.chebfun.org/examples/sphere/SphereHeatConduction.html,,120,True,True,True,1
sphere,RayleighQuotientExample,sphere,rayleigh_quotient,sphere,rayleigh_quotient,doc_link,True,True,https://www.chebfun.org/examples/sphere/RayleighQuotientExample.html,,168,True,True,True,1
stats,UniformExercises,stats,uniform_exercises,stats,uniform_exercises,doc_link,True,True,https://www.chebfun.org/examples/stats/UniformExercises.html,,127,True,True,True,1
stats,BayesianGradebook,stats,bayesian_gradebook,stats,bayesian_gradebook,doc_link,True,True,https://www.chebfun.org/examples/stats/BayesianGradebook.html,,163,True,True,True,1
stats,ResamplingRandomVariables,stats,resampling_random_variables,stats,resampling_random_variables,doc_link,True,True,https://www.chebfun.org/examples/stats/ResamplingRandomVariables.html,,113,True,True,True,1
stats,SmoothRandomWalk,stats,smooth_random_walk,stats,smooth_random_walk,doc_link,True,True,https://www.chebfun.org/examples/stats/SmoothRandomWalk.html,,90,True,True,True,1
stats,ProbabilityConvolution,stats,probability_distributions,stats,probability_distributions,doc_link,True,True,https://www.chebfun.org/examples/stats/ProbabilityConvolution.html,,159,True,True,True,1
stats,RandomSurf,stats,random_surf,stats,random_surf,doc_link,True,True,https://www.chebfun.org/examples/stats/RandomSurf.html,,110,True,True,True,1
stats,Smoothies,stats,smoothies,stats,smoothies,doc_link,True,True,https://www.chebfun.org/examples/stats/Smoothies.html,,109,True,True,True,1
stats,RandomMaxima,stats,random_maxima,stats,random_maxima,doc_link,True,True,https://www.chebfun.org/examples/stats/RandomMaxima.html,,99,True,True,True,1
roots,RandomPolynomials,stats,random_polynomials,stats,random_polynomials,doc_link,True,True,https://www.chebfun.org/examples/roots/RandomPolynomials.html,,88,True,True,True,1
stats,MercerKarhunenLoeve,stats,mercer_karhunen_loeve,stats,mercer_karhunen_loeve,doc_link,True,True,https://www.chebfun.org/examples/stats/MercerKarhunenLoeve.html,,122,True,True,True,1
stats,LeastSquares,stats,least_squares,stats,least_squares,doc_link,True,True,https://www.chebfun.org/examples/stats/LeastSquares.html,,111,True,True,True,1
stats,Expectations,stats,expectations,stats,expectations,doc_link,True,True,https://www.chebfun.org/examples/stats/Expectations.html,,122,True,True,True,1
stats,BivariateNormalDistribution,stats,bivariate_normal,stats,bivariate_normal,doc_link,True,True,https://www.chebfun.org/examples/stats/BivariateNormalDistribution.html,,118,True,True,True,1
stats,ProbabilityConvolution,stats,probability_convolution,stats,probability_convolution,doc_link,True,True,https://www.chebfun.org/examples/stats/ProbabilityConvolution.html,,140,True,True,True,1
stats,Histogram,stats,histogram,stats,histogram,doc_link,True,True,https://www.chebfun.org/examples/stats/Histogram.html,,108,True,True,True,1
stats,CentralLimitTheorem,stats,central_limit_theorem,stats,central_limit_theorem,doc_link,True,True,https://www.chebfun.org/examples/stats/CentralLimitTheorem.html,,109,True,True,True,1
stats,NormalExercises,stats,normal_exercises,stats,normal_exercises,doc_link,True,True,https://www.chebfun.org/examples/stats/NormalExercises.html,,109,True,True,True,1
integro,FracCalc2,temp,frac_calc2,temp,frac_calc2,doc_link,True,True,https://www.chebfun.org/examples/integro/FracCalc2.html,,127,True,True,True,1
temp,TaylorsTheorem,temp,taylors_theorem,temp,taylors_theorem,doc_link,True,True,https://www.chebfun.org/examples/temp/TaylorsTheorem.html,,164,True,True,True,1
integro,FracCalc,temp,frac_calc,temp,frac_calc,doc_link,True,True,https://www.chebfun.org/examples/integro/FracCalc.html,,134,True,True,True,2
temp,CompactingColloids,temp,compacting_colloids,temp,compacting_colloids,doc_link,True,True,https://www.chebfun.org/examples/temp/CompactingColloids.html,,127,True,True,True,1
temp,BinousShaikhBellagi,temp,binous_shaikh_bellagi,temp,binous_shaikh_bellagi,doc_link,True,True,https://www.chebfun.org/examples/temp/BinousShaikhBellagi.html,,171,True,True,True,1
approx,AAAZeros,approx,AAAZeros,,,exact_name,True,False,,,88,True,True,True,1
approx,InteractiveInterp,approx,InteractiveInterp,,,exact_name,True,False,,,99,True,True,True,1
approx,RestrictedDenominatorApproximations,approx,RestrictedDenominatorApproximations,,,exact_name,True,False,,,91,True,True,True,1
approx,HermiteBasis,approx,HermiteBasis,,,exact_name,True,False,,,122,True,True,True,2
approx,polyfitL1,approx,polyfitL1,,,exact_name,True,False,,,98,True,True,True,1
approx,OrthPolysLanczos,approx,OrthPolysLanczos,,,exact_name,True,False,,,101,True,True,True,1
approx,CommunicationSystem,approx,CommunicationSystem,,,exact_name,True,False,,,87,True,True,True,1
approx,AbsoluteValueScaled,approx,AbsoluteValueScaled,,,exact_name,True,False,,,91,True,True,True,1
approx,ChebfunFFT,approx,ChebfunFFT,,,exact_name,True,False,,,102,True,True,True,1
applics,Greeks,applics,greeks,,,snake_case,True,False,,,173,True,True,True,1
applics,EuropeanOptions,applics,european_options,,,snake_case,True,False,,,155,True,True,True,1
applics,EuropeanCall,applics,european_call,,,snake_case,True,False,,,150,True,True,True,1
applics,VanillaOptions,applics,vanilla_options,,,snake_case,True,False,,,155,True,True,True,1
calc,DeltaDerivs,calc,delta_derivs,,,snake_case,True,False,,,122,True,True,True,1
calc,SurfaceRevolution,calc,surface_revolution,,,snake_case,True,False,,,129,True,True,True,1
cheb,NoiseLevel,cheb,noise_level,,,snake_case,True,False,,,221,True,True,True,1
complex,FourierContour,complex,fourier_contour,,,snake_case,True,False,,,155,True,True,True,1
fun,AudibleChebfuns,fun,audible_chebfuns,,,snake_case,True,False,,,91,True,True,True,1
fun,XmasCard,fun,xmas_card,,,snake_case,True,False,,,181,True,True,True,1
fun,Scribble2,fun,scribble2,,,snake_case,True,False,,,123,True,True,True,1
fun,ContourFun,fun,contour_fun,,,snake_case,True,False,,,134,True,True,True,1
fun,SoccerBall,fun,soccer_ball,,,snake_case,True,False,,,226,True,True,True,1
geom,ParametricSurfaces,geom,parametric_surfaces,,,snake_case,True,False,,,124,True,True,True,1
geom,DualCurves,geom,dual_curves,,,snake_case,True,False,,,119,True,True,True,1
integro,VlasovPoisson,integro,vlasov_poisson,,,snake_case,True,False,,,123,True,True,True,1
integro,FoxLi,integro,fox_li,,,snake_case,True,False,,,116,True,True,True,1
ode-eig,PolyEigDiff,ode-eig,poly_eig_diff,,,snake_case,True,False,,,147,True,True,True,1
ode-linear,BouncingBall,ode-linear,bouncing_ball,,,snake_case,True,False,,,109,True,True,True,1
ode-linear,BlackScholes,ode-linear,black_scholes,,,snake_case,True,False,,,86,True,True,True,1
ode-linear,PiecewiseDemo,ode-linear,piecewise_demo,,,snake_case,True,False,,,134,True,True,True,1
ode-linear,JumpConditions,ode-linear,jump_conditions,,,snake_case,True,False,,,115,True,True,True,1
ode-nonlin,SolarFields,ode-nonlin,solar_fields,,,snake_case,True,False,,,172,True,True,True,1
ode-nonlin,FourBugs,ode-nonlin,four_bugs,,,snake_case,True,False,,,123,True,True,True,1
ode-nonlin,Rectifier,ode-nonlin,rectifier,,,snake_case,True,False,,,106,True,True,True,1
pde,TrapezoidEigs,pde,trapezoid_eigs,,,snake_case,True,False,,,138,True,True,True,1
pde,SVDFrequencyResponse,pde,svd_frequency_response,,,snake_case,True,False,,,145,True,True,True,1
pde,FourierExpm,pde,fourier_expm,,,snake_case,True,False,,,137,True,True,True,1
pde,AllenCahn2,pde,allen_cahn2,,,snake_case,True,False,,,138,True,True,True,1
pde,ReactDiffSys,pde,react_diff_sys,,,snake_case,True,False,,,136,True,True,True,1
pde,KSWave,pde,ks_wave,,,snake_case,True,False,,,154,True,True,True,1
quad,BatteryTest,quad,battery_test,,,snake_case,True,False,,,130,True,True,True,1
roots,BernoulliPolynomials,roots,bernoulli_polynomials,,,snake_case,True,False,,,128,True,True,True,1
sphere,SphericalHarmonics,sphere,spherical_harmonics,,,snake_case,True,False,,,110,True,True,True,1
stats,ExponentialExercises,stats,exponential_exercises,,,snake_case,True,False,,,124,True,True,True,1
stats,GeneralizedPolynomialChaos,stats,generalized_polynomial_chaos,,,snake_case,True,False,,,138,True,True,True,1
stats,MaxwellExercises,stats,maxwell_exercises,,,snake_case,True,False,,,114,True,True,True,1
stats,BetaExercise,stats,beta_exercise,,,snake_case,True,False,,,138,True,True,True,1
stats,KellyCriterion,stats,kelly_criterion,,,snake_case,True,False,,,126,True,True,True,1
temp,PiecewiseLinopDemo,temp,piecewise_linop_demo,,,snake_case,True,False,,,196,True,True,True,1
temp,ChebfunComposition,temp,chebfun_composition,,,snake_case,True,False,,,111,True,True,True,1
temp,IntegroDiffT,temp,integro_diff_t,,,snake_case,True,False,,,112,True,True,True,1
temp,UnboundedODE,temp,unbounded_ode,,,snake_case,True,False,,,129,True,True,True,1
temp,OptimCar,temp,optim_car,,,snake_case,True,False,,,106,True,True,True,1
fun,MathJax,fun,mathjax,,,case_insensitive,True,False,,,107,True,True,True,1
applics,BlackScholes2D,,,,,UNTRANSLATED,False,False,https://www.chebfun.org/examples/applics/BlackScholes2D.html,,0,False,False,False,0
approx2,Alignment,,,,,UNTRANSLATED,False,False,https://www.chebfun.org/examples/approx2/Alignment.html,,0,False,False,False,0
approx2,Belyaev,,,,,UNTRANSLATED,False,False,https://www.chebfun.org/examples/approx2/Belyaev.html,,0,False,False,False,0
approx2,BumpFunction,,,,,UNTRANSLATED,False,False,https://www.chebfun.org/examples/approx2/BumpFunction.html,,0,False,False,False,0
approx2,Gibbs2D,,,,,UNTRANSLATED,False,False,https://www.chebfun.org/examples/approx2/Gibbs2D.html,,0,False,False,False,0
approx2,Hosepipe,,,,,UNTRANSLATED,False,False,https://www.chebfun.org/examples/approx2/Hosepipe.html,,0,False,False,False,0
approx2,Localization,,,,,UNTRANSLATED,False,False,https://www.chebfun.org/examples/approx2/Localization.html,,0,False,False,False,0
approx2,MaxTrace,,,,,UNTRANSLATED,False,False,https://www.chebfun.org/examples/approx2/MaxTrace.html,,0,False,False,False,0
approx2,NearestPSDKernel,,,,,UNTRANSLATED,False,False,https://www.chebfun.org/examples/approx2/NearestPSDKernel.html,,0,False,False,False,0
approx2,Other2DDomains,,,,,UNTRANSLATED,False,False,https://www.chebfun.org/examples/approx2/Other2DDomains.html,,0,False,False,False,0
approx2,PaduaPoints,,,,,UNTRANSLATED,False,False,https://www.chebfun.org/examples/approx2/PaduaPoints.html,,0,False,False,False,0
approx2,Pegs,,,,,UNTRANSLATED,False,False,https://www.chebfun.org/examples/approx2/Pegs.html,,0,False,False,False,0
approx2,PrettyFunctions,,,,,UNTRANSLATED,False,False,https://www.chebfun.org/examples/approx2/PrettyFunctions.html,,0,False,False,False,0
approx2,Random2D,,,,,UNTRANSLATED,False,False,https://www.chebfun.org/examples/approx2/Random2D.html,,0,False,False,False,0
approx2,RandomPonds,,,,,UNTRANSLATED,False,False,https://www.chebfun.org/examples/approx2/RandomPonds.html,,0,False,False,False,0
approx2,Tucker,,,,,UNTRANSLATED,False,False,https://www.chebfun.org/examples/approx2/Tucker.html,,0,False,False,False,0
approx2,Zebra,,,,,UNTRANSLATED,False,False,https://www.chebfun.org/examples/approx2/Zebra.html,,0,False,False,False,0
calc,ForTheBirds,,,,,UNTRANSLATED,False,False,https://www.chebfun.org/examples/calc/ForTheBirds.html,,0,False,False,False,0
cheb,ChebExplain,,,,,UNTRANSLATED,False,False,https://www.chebfun.org/examples/cheb/ChebExplain.html,,0,False,False,False,0
cheb,ChebyshevCoeffs,,,,,UNTRANSLATED,False,False,https://www.chebfun.org/examples/cheb/ChebyshevCoeffs.html,,0,False,False,False,0
cheb,FastChebyshevLegendreTransform,,,,,UNTRANSLATED,False,False,https://www.chebfun.org/examples/cheb/FastChebyshevLegendreTransform.html,,0,False,False,False,0
cheb,FastDLT,,,,,UNTRANSLATED,False,False,https://www.chebfun.org/examples/cheb/FastDLT.html,,0,False,False,False,0
complex,ComplexMinimax,,,,,UNTRANSLATED,False,False,https://www.chebfun.org/examples/complex/ComplexMinimax.html,,0,False,False,False,0
complex,ConformalL,,,,,UNTRANSLATED,False,False,https://www.chebfun.org/examples/complex/ConformalL.html,,0,False,False,False,0
complex,ConformalMapping,,,,,UNTRANSLATED,False,False,https://www.chebfun.org/examples/complex/ConformalMapping.html,,0,False,False,False,0
complex,ConformalMapping2,,,,,UNTRANSLATED,False,False,https://www.chebfun.org/examples/complex/ConformalMapping2.html,,0,False,False,False,0
complex,ConformalSquare,,,,,UNTRANSLATED,False,False,https://www.chebfun.org/examples/complex/ConformalSquare.html,,0,False,False,False,0
complex,Hyperfuns,,,,,UNTRANSLATED,False,False,https://www.chebfun.org/examples/complex/Hyperfuns.html,,0,False,False,False,0
complex,KeyholeAblowitzFokas,,,,,UNTRANSLATED,False,False,https://www.chebfun.org/examples/complex/KeyholeAblowitzFokas.html,,0,False,False,False,0
complex,PhaseplotCommand,,,,,UNTRANSLATED,False,False,https://www.chebfun.org/examples/complex/PhaseplotCommand.html,,0,False,False,False,0
complex,PortraitsWithPoles,,,,,UNTRANSLATED,False,False,https://www.chebfun.org/examples/complex/PortraitsWithPoles.html,,0,False,False,False,0
complex,RationalHarmonic,,,,,UNTRANSLATED,False,False,https://www.chebfun.org/examples/complex/RationalHarmonic.html,,0,False,False,False,0
complex,SCToolbox,,,,,UNTRANSLATED,False,False,https://www.chebfun.org/examples/complex/SCToolbox.html,,0,False,False,False,0
complex,Singularities,,,,,UNTRANSLATED,False,False,https://www.chebfun.org/examples/complex/Singularities.html,,0,False,False,False,0
disk,Eigenfunctions,,,,,UNTRANSLATED,False,False,https://www.chebfun.org/examples/disk/Eigenfunctions.html,,0,False,False,False,0
disk,HeatEqn,,,,,UNTRANSLATED,False,False,https://www.chebfun.org/examples/disk/HeatEqn.html,,0,False,False,False,0
fourier,BestTrigApprox,,,,,UNTRANSLATED,False,False,https://www.chebfun.org/examples/fourier/BestTrigApprox.html,,0,False,False,False,0
fourier,TrigCFExample,,,,,UNTRANSLATED,False,False,https://www.chebfun.org/examples/fourier/TrigCFExample.html,,0,False,False,False,0
fun,BirthdayOdds,,,,,UNTRANSLATED,False,False,https://www.chebfun.org/examples/fun/BirthdayOdds.html,,0,False,False,False,0
fun,HilbertSurfaceChebsnake2,,,,,UNTRANSLATED,False,False,https://www.chebfun.org/examples/fun/HilbertSurfaceChebsnake2.html,,0,False,False,False,0
fun,KochSnowflake,,,,,UNTRANSLATED,False,False,https://www.chebfun.org/examples/fun/KochSnowflake.html,,0,False,False,False,0
fun,PiecewiseLinear,,,,,UNTRANSLATED,False,False,https://www.chebfun.org/examples/fun/PiecewiseLinear.html,,0,False,False,False,0
fun,ValentinesDay,,,,,UNTRANSLATED,False,False,https://www.chebfun.org/examples/fun/ValentinesDay.html,,0,False,False,False,0
geom,Sinai,,,,,UNTRANSLATED,False,False,https://www.chebfun.org/examples/geom/Sinai.html,,0,False,False,False,0
geom,VolumeOfHeart,,,,,UNTRANSLATED,False,False,https://www.chebfun.org/examples/geom/VolumeOfHeart.html,,0,False,False,False,0
integro,IntegroDiffT,,,,,UNTRANSLATED,False,False,https://www.chebfun.org/examples/integro/IntegroDiffT.html,,0,False,False,False,0
linalg,AnalyticSVD,,,,,UNTRANSLATED,False,False,https://www.chebfun.org/examples/linalg/AnalyticSVD.html,,0,False,False,False,0
linalg,CondNos,,,,,UNTRANSLATED,False,False,https://www.chebfun.org/examples/linalg/CondNos.html,,0,False,False,False,0
linalg,ConstrainedLeastSquares,,,,,UNTRANSLATED,False,False,https://www.chebfun.org/examples/linalg/ConstrainedLeastSquares.html,,0,False,False,False,0
linalg,CrossingsAnalyticity,,,,,UNTRANSLATED,False,False,https://www.chebfun.org/examples/linalg/CrossingsAnalyticity.html,,0,False,False,False,0
linalg,Crouzeix,,,,,UNTRANSLATED,False,False,https://www.chebfun.org/examples/linalg/Crouzeix.html,,0,False,False,False,0
linalg,EigLandscapes,,,,,UNTRANSLATED,False,False,https://www.chebfun.org/examples/linalg/EigLandscapes.html,,0,False,False,False,0
linalg,EigsViaDet,,,,,UNTRANSLATED,False,False,https://www.chebfun.org/examples/linalg/EigsViaDet.html,,0,False,False,False,0
linalg,FieldOfValues,,,,,UNTRANSLATED,False,False,https://www.chebfun.org/examples/linalg/FieldOfValues.html,,0,False,False,False,0
linalg,LevelRepulsion,,,,,UNTRANSLATED,False,False,https://www.chebfun.org/examples/linalg/LevelRepulsion.html,,0,False,False,False,0
linalg,MercuryEarthConjunctions,,,,,UNTRANSLATED,False,False,https://www.chebfun.org/examples/linalg/MercuryEarthConjunctions.html,,0,False,False,False,0
linalg,NonnormalQuiz,,,,,UNTRANSLATED,False,False,https://www.chebfun.org/examples/linalg/NonnormalQuiz.html,,0,False,False,False,0
linalg,NonsmoothFOV,,,,,UNTRANSLATED,False,False,https://www.chebfun.org/examples/linalg/NonsmoothFOV.html,,0,False,False,False,0
linalg,QuasiQR,,,,,UNTRANSLATED,False,False,https://www.chebfun.org/examples/linalg/QuasiQR.html,,0,False,False,False,0
linalg,SOR,,,,,UNTRANSLATED,False,False,https://www.chebfun.org/examples/linalg/SOR.html,,0,False,False,False,0
linalg,TransientGrowth,,,,,UNTRANSLATED,False,False,https://www.chebfun.org/examples/linalg/TransientGrowth.html,,0,False,False,False,0
linalg,VandermondeArnoldi,,,,,UNTRANSLATED,False,False,https://www.chebfun.org/examples/linalg/VandermondeArnoldi.html,,0,False,False,False,0
ode-eig,LevelRepulsionODE,,,,,UNTRANSLATED,False,False,https://www.chebfun.org/examples/ode-eig/LevelRepulsionODE.html,,0,False,False,False,0
ode-linear,DeltaODEs,,,,,UNTRANSLATED,False,False,https://www.chebfun.org/examples/ode-linear/DeltaODEs.html,,0,False,False,False,0
ode-linear,LaneEmden,,,,,UNTRANSLATED,False,False,https://www.chebfun.org/examples/ode-linear/LaneEmden.html,,0,False,False,False,0
ode-linear,LeeGreengardODEs,,,,,UNTRANSLATED,False,False,https://www.chebfun.org/examples/ode-linear/LeeGreengardODEs.html,,0,False,False,False,0
ode-linear,TwoSolBVPfromIVP,,,,,UNTRANSLATED,False,False,https://www.chebfun.org/examples/ode-linear/TwoSolBVPfromIVP.html,,0,False,False,False,0
ode-nonlin,LaneEmden,,,,,UNTRANSLATED,False,False,https://www.chebfun.org/examples/ode-nonlin/LaneEmden.html,,0,False,False,False,0
ode-nonlin,ParamODEs,,,,,UNTRANSLATED,False,False,https://www.chebfun.org/examples/ode-nonlin/ParamODEs.html,,0,False,False,False,0
ode-nonlin,ThreeBodyProblem,,,,,UNTRANSLATED,False,False,https://www.chebfun.org/examples/ode-nonlin/ThreeBodyProblem.html,,0,False,False,False,0
opt,ConstrainedOptimization,,,,,UNTRANSLATED,False,False,https://www.chebfun.org/examples/opt/ConstrainedOptimization.html,,0,False,False,False,0
opt,DixonSzego,,,,,UNTRANSLATED,False,False,https://www.chebfun.org/examples/opt/DixonSzego.html,,0,False,False,False,0
opt,ExtremeExtrema,,,,,UNTRANSLATED,False,False,https://www.chebfun.org/examples/opt/ExtremeExtrema.html,,0,False,False,False,0
opt,MercuryEarth,,,,,UNTRANSLATED,False,False,https://www.chebfun.org/examples/opt/MercuryEarth.html,,0,False,False,False,0
opt,Needle,,,,,UNTRANSLATED,False,False,https://www.chebfun.org/examples/opt/Needle.html,,0,False,False,False,0
opt,OptimInt,,,,,UNTRANSLATED,False,False,https://www.chebfun.org/examples/opt/OptimInt.html,,0,False,False,False,0
opt,Rosenbrock2,,,,,UNTRANSLATED,False,False,https://www.chebfun.org/examples/opt/Rosenbrock2.html,,0,False,False,False,0
pde,BSExponential,,,,,UNTRANSLATED,False,False,https://www.chebfun.org/examples/pde/BSExponential.html,,0,False,False,False,0
pde,Erosion,,,,,UNTRANSLATED,False,False,https://www.chebfun.org/examples/pde/Erosion.html,,0,False,False,False,0
pde,GinzburgLandau,,,,,UNTRANSLATED,False,False,https://www.chebfun.org/examples/pde/GinzburgLandau.html,,0,False,False,False,0
pde,GrayScott,,,,,UNTRANSLATED,False,False,https://www.chebfun.org/examples/pde/GrayScott.html,,0,False,False,False,0
pde,IntegroDiffT,,,,,UNTRANSLATED,False,False,https://www.chebfun.org/examples/pde/IntegroDiffT.html,,0,False,False,False,0
pde,KdV,,,,,UNTRANSLATED,False,False,https://www.chebfun.org/examples/pde/KdV.html,,0,False,False,False,0
pde,Kuramoto,,,,,UNTRANSLATED,False,False,https://www.chebfun.org/examples/pde/Kuramoto.html,,0,False,False,False,0
pde,Maxwell,,,,,UNTRANSLATED,False,False,https://www.chebfun.org/examples/pde/Maxwell.html,,0,False,False,False,0
pde,SwiftHohenberg,,,,,UNTRANSLATED,False,False,https://www.chebfun.org/examples/pde/SwiftHohenberg.html,,0,False,False,False,0
quad,GaussQuad,,,,,UNTRANSLATED,False,False,https://www.chebfun.org/examples/quad/GaussQuad.html,,0,False,False,False,0
quad,LevinIntegrate,,,,,UNTRANSLATED,False,False,https://www.chebfun.org/examples/quad/LevinIntegrate.html,,0,False,False,False,0
quad,SumdiskDemo,,,,,UNTRANSLATED,False,False,https://www.chebfun.org/examples/quad/SumdiskDemo.html,,0,False,False,False,0
quad,TjTkDisk,,,,,UNTRANSLATED,False,False,https://www.chebfun.org/examples/quad/TjTkDisk.html,,0,False,False,False,0
quad,Tricky,,,,,UNTRANSLATED,False,False,https://www.chebfun.org/examples/quad/Tricky.html,,0,False,False,False,0
quad,TwoCubes,,,,,UNTRANSLATED,False,False,https://www.chebfun.org/examples/quad/TwoCubes.html,,0,False,False,False,0
roots,AAAZeros,,,,,UNTRANSLATED,False,False,https://www.chebfun.org/examples/roots/AAAZeros.html,,0,False,False,False,0
roots,AverageDegreeReduction1D,,,,,UNTRANSLATED,False,False,https://www.chebfun.org/examples/roots/AverageDegreeReduction1D.html,,0,False,False,False,0
roots,AverageDegreeReduction2D,,,,,UNTRANSLATED,False,False,https://www.chebfun.org/examples/roots/AverageDegreeReduction2D.html,,0,False,False,False,0
roots,BivariateRoots,,,,,UNTRANSLATED,False,False,https://www.chebfun.org/examples/roots/BivariateRoots.html,,0,False,False,False,0
roots,ComplexRoots,,,,,UNTRANSLATED,False,False,https://www.chebfun.org/examples/roots/ComplexRoots.html,,0,False,False,False,0
roots,DLP,,,,,UNTRANSLATED,False,False,https://www.chebfun.org/examples/roots/DLP.html,,0,False,False,False,0
roots,FundamentalTheoremOfAlgebra,,,,,UNTRANSLATED,False,False,https://www.chebfun.org/examples/roots/FundamentalTheoremOfAlgebra.html,,0,False,False,False,0
roots,MarchingSquares,,,,,UNTRANSLATED,False,False,https://www.chebfun.org/examples/roots/MarchingSquares.html,,0,False,False,False,0
roots,RandomPolys,,,,,UNTRANSLATED,False,False,https://www.chebfun.org/examples/roots/RandomPolys.html,,0,False,False,False,0
roots,ResultantMethod,,,,,UNTRANSLATED,False,False,https://www.chebfun.org/examples/roots/ResultantMethod.html,,0,False,False,False,0
roots,Subramanian,,,,,UNTRANSLATED,False,False,https://www.chebfun.org/examples/roots/Subramanian.html,,0,False,False,False,0
stats,RandomPolynomials,,,,,UNTRANSLATED,False,False,https://www.chebfun.org/examples/stats/RandomPolynomials.html,,0,False,False,False,0
stats,StochasticCollocationBurgers,,,,,UNTRANSLATED,False,False,https://www.chebfun.org/examples/stats/StochasticCollocationBurgers.html,,0,False,False,False,0
temp,FracCalc,,,,,UNTRANSLATED,False,False,https://www.chebfun.org/examples/temp/FracCalc.html,,0,False,False,False,0
temp,FracCalc2,,,,,UNTRANSLATED,False,False,https://www.chebfun.org/examples/temp/FracCalc2.html,,0,False,False,False,0
temp,VdPOrbit,,,,,UNTRANSLATED,False,False,https://www.chebfun.org/examples/temp/VdPOrbit.html,,0,False,False,False,0
veccalc,AutonomousSystems,,,,,UNTRANSLATED,False,False,https://www.chebfun.org/examples/veccalc/AutonomousSystems.html,,0,False,False,False,0
veccalc,CheckingVectorCalculus,,,,,UNTRANSLATED,False,False,https://www.chebfun.org/examples/veccalc/CheckingVectorCalculus.html,,0,False,False,False,0
veccalc,EventHandling,,,,,UNTRANSLATED,False,False,https://www.chebfun.org/examples/veccalc/EventHandling.html,,0,False,False,False,0
veccalc,UndergraduateCalculus,,,,,UNTRANSLATED,False,False,https://www.chebfun.org/examples/veccalc/UndergraduateCalculus.html,,0,False,False,False,0
,,applics,finance_applications,,,EXTRA_PYTHON,True,False,,,156,True,True,True,1
,,approx,bessel_approximation,approx,bessel_approximation,EXTRA_PYTHON,True,True,,,97,True,True,True,1
,,approx,chebyshev_coefficients,approx,chebyshev_coefficients,EXTRA_PYTHON,True,True,,,123,True,True,True,2
,,approx,hermite_interpolation,approx,hermite_interpolation,EXTRA_PYTHON,True,True,,,92,True,True,True,1
,,approx,piecewise_smooth,approx,piecewise_smooth,EXTRA_PYTHON,True,True,,,110,True,True,True,1
,,approx,rational_like_convergence,approx,rational_like_convergence,EXTRA_PYTHON,True,True,,,96,True,True,True,2
,,approx,special_functions,approx,special_functions,EXTRA_PYTHON,True,True,,,112,True,True,True,2
,,approx2,chebfun2_basics,approx2,chebfun2_basics,EXTRA_PYTHON,True,True,,,89,True,True,True,1
,,approx2,differentiation_2d,approx2,differentiation_2d,EXTRA_PYTHON,True,True,,,101,True,True,True,2
,,approx2,integration_2d,approx2,integration_2d,EXTRA_PYTHON,True,True,,,83,True,True,True,2
,,approx2,rank_of_functions,approx2,rank_of_functions,EXTRA_PYTHON,True,True,,,82,True,True,True,2
,,approx2,smooth_functions_2d,approx2,smooth_functions_2d,EXTRA_PYTHON,True,True,,,114,True,True,True,3
,,approx3,flux_integral_3d,,,EXTRA_PYTHON,True,False,,,89,True,True,True,1
,,approx3,smooth_functions_3d,,,EXTRA_PYTHON,True,False,,,94,True,True,True,1
,,calc,bird_flight_optimization,calc,bird_flight_optimization,EXTRA_PYTHON,True,True,,,96,True,True,True,1
,,calc,definite_indefinite_integrals,calc,definite_indefinite_integrals,EXTRA_PYTHON,True,True,,,92,True,True,True,1
,,calc,differentiation,calc,differentiation,EXTRA_PYTHON,True,True,,,94,True,True,True,1
,,cheb,chebfun_fft,cheb,chebfun_fft,EXTRA_PYTHON,True,True,,,105,True,True,True,1
,,cheb,chebyshev_coefficients,,,EXTRA_PYTHON,True,False,,,100,True,True,True,1
,,cheb,fast_transforms,,,EXTRA_PYTHON,True,False,,,113,True,True,True,1
,,complex,complex_functions,complex,complex_functions,EXTRA_PYTHON,True,True,,,130,True,True,True,1
,,disk,disk_functions,,,EXTRA_PYTHON,True,False,,,99,True,True,True,1
,,fun,fun_examples,,,EXTRA_PYTHON,True,False,,,170,True,True,True,1
,,fun,hilbert_surface_chebsnake,fun,hilbert_surface_chebsnake,EXTRA_PYTHON,True,True,,,131,True,True,True,1
,,geom,curves_and_lengths,,,EXTRA_PYTHON,True,False,,,134,True,True,True,1
,,geom,sinai_billiards,geom,sinai_billiards,EXTRA_PYTHON,True,True,,,148,True,True,True,1
,,integro,fractional_calculus2,,,EXTRA_PYTHON,True,False,,,128,True,True,True,1
,,integro,integro_diff,,,EXTRA_PYTHON,True,False,,,125,True,True,True,1
,,linalg,chebfun_inner_products,linalg,chebfun_inner_products,EXTRA_PYTHON,True,True,,,126,True,True,True,1
,,linalg,inner_products,linalg,inner_products,EXTRA_PYTHON,True,True,,,104,True,True,True,1
,,linalg,matrix_functions,linalg,matrix_functions,EXTRA_PYTHON,True,True,,,129,True,True,True,1
,,ode-eig,harmonic_oscillator,ode-eig,harmonic_oscillator,EXTRA_PYTHON,True,True,,,90,True,True,True,1
,,ode-eig,laplacian_eigenvalues,ode-eig,laplacian_eigenvalues,EXTRA_PYTHON,True,True,,,98,True,True,True,1
,,ode-eig,level_repulsion,ode-eig,level_repulsion,EXTRA_PYTHON,True,True,,,146,True,True,True,1
,,ode-eig,sturm_liouville,ode-eig,sturm_liouville,EXTRA_PYTHON,True,True,,,107,True,True,True,1
,,ode-linear,airy_equation,ode-linear,airy_equation,EXTRA_PYTHON,True,True,,,93,True,True,True,1
,,ode-linear,bessel_bvp,ode-linear,bessel_bvp,EXTRA_PYTHON,True,True,,,114,True,True,True,1
,,ode-linear,delta_odes,ode-linear,delta_odes,EXTRA_PYTHON,True,True,,,117,True,True,True,1
,,ode-linear,lane_emden_linear,ode-linear,lane_emden_linear,EXTRA_PYTHON,True,True,,,133,True,True,True,1
,,ode-linear,lee_greengard,ode-linear,lee_greengard,EXTRA_PYTHON,True,True,,,131,True,True,True,1
,,ode-linear,poisson_equation,ode-linear,poisson_equation,EXTRA_PYTHON,True,True,,,108,True,True,True,1
,,ode-linear,two_sol_bvp,ode-linear,two_sol_bvp,EXTRA_PYTHON,True,True,,,112,True,True,True,1
,,ode-nonlin,lane_emden_nonlin,ode-nonlin,lane_emden_nonlin,EXTRA_PYTHON,True,True,,,119,True,True,True,1
,,ode-nonlin,param_odes,ode-nonlin,param_odes,EXTRA_PYTHON,True,True,,,135,True,True,True,1
,,ode-nonlin,pendulum_equation,ode-nonlin,pendulum_equation,EXTRA_PYTHON,True,True,,,92,True,True,True,1
,,ode-nonlin,three_body,ode-nonlin,three_body,EXTRA_PYTHON,True,True,,,141,True,True,True,1
,,pde,black_scholes_pde,,,EXTRA_PYTHON,True,False,,,182,True,True,True,1
,,pde,ginzburg_landau_2d,,,EXTRA_PYTHON,True,False,,,136,True,True,True,1
,,pde,gray_scott_2d,,,EXTRA_PYTHON,True,False,,,151,True,True,True,1
,,pde,heat_expm,,,EXTRA_PYTHON,True,False,,,127,True,True,True,1
,,pde,integro_diff_time,,,EXTRA_PYTHON,True,False,,,121,True,True,True,1
,,pde,kuramoto_sivashinsky,,,EXTRA_PYTHON,True,False,,,169,True,True,True,1
,,pde,maxwell_equations,,,EXTRA_PYTHON,True,False,,,159,True,True,True,1
,,pde,swift_hohenberg_2d,,,EXTRA_PYTHON,True,False,,,139,True,True,True,1
,,quad,clenshaw_curtis,quad,clenshaw_curtis,EXTRA_PYTHON,True,True,,,131,True,True,True,1
,,quad,gauss_quadrature,quad,gauss_quadrature,EXTRA_PYTHON,True,True,,,119,True,True,True,1
,,quad,tricky_integrals,quad,tricky_integrals,EXTRA_PYTHON,True,True,,,111,True,True,True,1
,,roots,extrema_and_roots,roots,extrema_and_roots,EXTRA_PYTHON,True,True,,,113,True,True,True,1
,,roots,fundamental_theorem_algebra,roots,fundamental_theorem_algebra,EXTRA_PYTHON,True,True,,,115,True,True,True,1
,,roots,polynomial_roots,roots,polynomial_roots,EXTRA_PYTHON,True,True,,,97,True,True,True,1
,,sphere,sphere_operations,,,EXTRA_PYTHON,True,False,,,104,True,True,True,1
,,temp,vdp_orbit,temp,vdp_orbit,EXTRA_PYTHON,True,True,,,156,True,True,True,1
,,veccalc,vector_calculus,,,EXTRA_PYTHON,True,False,,,124,True,True,True,1
